File,Average Recall
LOG_mask,0.8011085684762557
LOG_pred,0.8963003922524992
